campaign_type,impressions,clicks,ad_spend,conversions,revenue,CTR,conversion_rate,CPC,CPA,ROAS,profit
Display,43487104,1638396,2644735.12,76869,12798903.17,0.03767544511586699,0.04691722880182813,1.6142221538626804,34.40574379788992,4.839389424374566,10154168.05
Search,47544475,1898227,2868006.85,90641,15218470.85,0.039925291003844295,0.04775034808797894,1.5108871857791508,31.641385796714513,5.306288180587853,12350464.0
Shopping,46474038,1785310,2799548.64,80074,12824695.6,0.03841521152089259,0.04485159440097238,1.5681022567509284,34.96201813322676,4.580986883657074,10025146.959999999
Video,47748617,1810883,2796458.48,79228,13341261.19,0.037925349754109106,0.043751031955129076,1.5442513293238713,35.296340687635684,4.770770345926967,10544802.709999999
