platform,impressions,clicks,CTR,ad_spend,CPC,conversions,conversion_rate,CPA,revenue,ROAS,profit,share_of_spend
Google Ads,73801150,2936149,0.03978459685248807,6349268.91,2.162447787901772,131098,0.04464964141806155,48.43147042670369,22033744.95,3.470280635822054,15684476.04,0.5715557042975754
Meta Ads,64403494,1596736,0.024792692148037806,2106061.67,1.3189792614433444,73262,0.045882349993987735,28.74698574977478,11926045.79,5.662723917291557,9819984.12,0.18958585282080576
TikTok Ads,47049590,2599931,0.055259376330378224,2653418.51,1.0205726651976532,122452,0.047098172989975505,21.66904999510012,20223540.07,7.621692542575955,17570121.560000002,0.2388584428816188
