platform,current_budget,recommended_budget,budget_shift,ROAS,conversion_rate
Google Ads,6349268.91,2913068.718590661,-3436200.191409339,3.470280635822054,0.04464964141806155
Meta Ads,2106061.67,3730486.19312052,1624424.5231205202,5.662723917291557,0.045882349993987735
TikTok Ads,2653418.51,4465194.178288819,1811775.6682888195,7.621692542575955,0.047098172989975505
